{"cameraMode":{"drawMode":0,"name":"Shaded","section":"Shading Mode"},"sceneLighting":true,"audioPlay":false,"sceneViewState":{"showFog":true,"showMaterialUpdate":true,"showSkybox":true,"showFlares":true,"showImageEffects":true,"showParticleSystems":true},"in2DMode":false,"pivot":{"x":0.5003458261489868,"y":0.10730195045471192,"z":0.4966939687728882},"rotation":{"x":-0.09866003692150116,"y":0.8755979537963867,"z":-0.2020711451768875,"w":-0.42750635743141177},"size":0.7578839659690857,"orthographic":false}